<?xml version='1.0' encoding='utf-8'?>

<!--
// THIS CODE AND INFORMATION IS PROVIDED "AS IS" WITHOUT WARRANTY OF
// ANY KIND, EITHER EXPRESSED OR IMPLIED, INCLUDING BUT NOT LIMITED TO
// THE IMPLIED WARRANTIES OF MERCHANTABILITY AND/OR FITNESS FOR A
// PARTICULAR PURPOSE.
//
// Copyright (c) Microsoft Corporation. All rights reserved
-->

<Application xmlns='http://schemas.microsoft.com/windows/2009/Ribbon'>
  <!-- Commands section -->
  <Application.Commands>

    <!-- Declare Tabs -->
    <Command Name="homeTab"
             Symbol="IDC_CMD_HOMETAB"
             Id="10000" >
      <Command.LabelTitle>
        <String Id ="200">Home</String>
      </Command.LabelTitle>
    </Command>
    <Command Name="viewTab"
            Symbol="IDC_CMD_VIEWTAB"
            Id="20000" >
      <Command.LabelTitle>
        <String Id ="700">View</String>
      </Command.LabelTitle>
    </Command>

    <!-- Declare Groups -->
    <Command Name="linkGroup">
      <Command.LabelTitle>
        <String Id ="210">Link</String>
      </Command.LabelTitle>
    </Command>

    <Command Name="zoomGroup">
      <Command.LabelTitle>
        <String Id ="220">Zoom</String>
      </Command.LabelTitle>
    </Command>

    <!-- Declare Elements in Groups -->
    <Command Name="editGroup">
      <Command.LabelTitle>
        <String Id ="230">Edit</String>
      </Command.LabelTitle>
    </Command>

    <Command Name="pencilButton">
      <Command.LabelTitle>
        <String Id ="240">Pencil</String>
      </Command.LabelTitle>
      <Command.LargeImages>
        <Image Id="241">res/pen_32.bmp</Image>
      </Command.LargeImages>
      <Command.SmallImages>
        <Image Id="242">res/pen_16.bmp</Image>
      </Command.SmallImages>
    </Command>
    
    <Command Name="sizeButton">
      <Command.LabelTitle>
        <String Id ="260">Size</String>
      </Command.LabelTitle>
      <Command.LargeImages>
        <Image Id="261">res/size_32.bmp</Image>
      </Command.LargeImages>
      <Command.SmallImages>
        <Image Id="262">res/size_16.bmp</Image>
      </Command.SmallImages>
    </Command>
    
    <Command Name="cropButton">
      <Command.LabelTitle>
        <String Id ="280">Crop</String>
      </Command.LabelTitle>
      <Command.LargeImages>
        <Image Id="271">res/crop_32.bmp</Image>
      </Command.LargeImages>
      <Command.SmallImages>
        <Image Id="281">res/crop_16.bmp</Image>
      </Command.SmallImages>
    </Command>
    <Command Name="rotateButton">
      <Command.LabelTitle>
        <String Id ="290">Rotate</String>
      </Command.LabelTitle>
      <Command.LargeImages>
        <Image Id="291">res/rotate_right90_32.bmp</Image>
      </Command.LargeImages>
      <Command.SmallImages>
        <Image Id="292">res/rotate_right90_16.bmp</Image>
      </Command.SmallImages>
    </Command>

    <Command Name="rotate90Clockwise">
      <Command.LabelTitle>
        <String Id ="293">90° CW</String>
      </Command.LabelTitle>
      <Command.LargeImages>
        <Image Id="294">res/rotate_right90_32.bmp</Image>
      </Command.LargeImages>
      <Command.SmallImages>
        <Image Id="295">res/rotate_right90_16.bmp</Image>
      </Command.SmallImages>
    </Command>

    <Command Name="rotate90CounterClockwise">
      <Command.LabelTitle>
        <String Id ="296">90° CCW</String>
      </Command.LabelTitle>
      <Command.LargeImages>
        <Image Id="297">res/rotate_left90_32.bmp</Image>
      </Command.LargeImages>
      <Command.SmallImages>
        <Image Id="298">res/rotate_left90_16.bmp</Image>
      </Command.SmallImages>
    </Command>

    <Command Name="zoomInButton" Symbol="ID_BUTTON_ZOOM_IN" Id="300">
      <Command.LabelTitle>
        <String Id ="300">Zoom In</String>
      </Command.LabelTitle>
      <Command.LargeImages>
        <Image Id="301">res/zoomin_32.bmp</Image>
      </Command.LargeImages>
      <Command.SmallImages>
        <Image Id="302">res/zoomin_16.bmp</Image>
      </Command.SmallImages>
    </Command>
    <Command Name="zoomOutButton" Symbol="ID_BUTTON_ZOOM_OUT" Id="310">
      <Command.LabelTitle>
        <String Id ="310">Zoom Out</String>
      </Command.LabelTitle>
      <Command.LargeImages>
        <Image Id="311">res/zoomout_32.bmp</Image>
      </Command.LargeImages>
      <Command.SmallImages>
        <Image Id="312">res/zoomout_16.bmp</Image>
      </Command.SmallImages>
    </Command>
    <Command Name="previewButton" Symbol="ID_BUTTON_ZOOM_100" Id="320">
      <Command.LabelTitle>
        <String Id ="320">100%</String>
      </Command.LabelTitle>
      <Command.LargeImages>
        <Image Id="321">res/preview_32.bmp</Image>
      </Command.LargeImages>
      <Command.SmallImages>
        <Image Id="322">res/preview_16.bmp</Image>
      </Command.SmallImages>
    </Command>
    
    <Command Name="colorPicker" Symbol="ID_STANDARD_COLORPICKER">
      <Command.LabelTitle>
        <String Id ="330">Color</String>
      </Command.LabelTitle>
      <Command.LargeImages>
        <Image Id="331">res/color_32.bmp</Image>
      </Command.LargeImages>
      <Command.SmallImages>
        <Image Id="332">res/color_16.bmp</Image>
      </Command.SmallImages>
    </Command>
    <Command Name="flipVertical">
      <Command.LabelTitle>
        <String Id ="340">Verical</String>
      </Command.LabelTitle>
      <Command.LargeImages>
        <Image Id="341">res/vflip_32.bmp</Image>
      </Command.LargeImages>
      <Command.SmallImages>
        <Image Id="342">res/vflip_16.bmp</Image>
      </Command.SmallImages>
    </Command>
    <Command Name="flipHorizontal">
      <Command.LabelTitle>
        <String Id ="350">Horizontal</String>
      </Command.LabelTitle>
      <Command.LargeImages>
        <Image Id="351">res/hflip_32.bmp</Image>
      </Command.LargeImages>
      <Command.SmallImages>
        <Image Id="352">res/hflip_16.bmp</Image>
      </Command.SmallImages>
    </Command>
    <!-- Declare Quick Access-->
    <Command Name="cmdQat"/>
    <Command Name="undoButton" Symbol="ID_BUTTON_UNDO">
      <Command.LabelTitle>
        <String Id ="400">Undo</String>
      </Command.LabelTitle>
      <Command.LargeImages>
        <Image Id="401">res/undo_32.bmp</Image>
      </Command.LargeImages>
      <Command.SmallImages>
        <Image Id="402">res/undo_16.bmp</Image>
      </Command.SmallImages>
    </Command>
    <Command Name="redoButton" Symbol="ID_BUTTON_REDO">
      <Command.LabelTitle>
        <String Id ="410">Redo</String>
      </Command.LabelTitle>
      <Command.LargeImages>
        <Image Id="411">res/redo_32.bmp</Image>
      </Command.LargeImages>
      <Command.SmallImages>
        <Image Id="412">res/redo_16.bmp</Image>
      </Command.SmallImages>
    </Command>
    <!-- Declare Menus -->
    <Command Name="fileMenu" Symbol="ID_FILE_MENU" Id="500" />
    <Command Name="openFileMenu" Symbol="ID_FILE_OPEN" Comment="Open">
      <Command.LabelTitle>
        <String Id ="520">Open</String>
      </Command.LabelTitle>
      <Command.LargeImages>
        <Image Id ="521">res/open_32.bmp</Image>
      </Command.LargeImages>
      <Command.SmallImages>
        <Image Id="522">res/open_16.bmp</Image>
      </Command.SmallImages>
    </Command>
    <Command Name="saveFileMenu" Symbol ="ID_FILE_SAVE" Id="530">
      <Command.LabelTitle>
        <String Id ="530">Save</String>
      </Command.LabelTitle>
      <Command.LargeImages>
        <Image Id ="531">res/save_32.bmp</Image>
      </Command.LargeImages>
      <Command.SmallImages>
        <Image Id="532">res/save_16.bmp</Image>
      </Command.SmallImages>
      <Command.TooltipTitle>Save Command</Command.TooltipTitle>
      <Command.TooltipDescription>Save Command.</Command.TooltipDescription>
      <Command.Keytip>s1</Command.Keytip>
    </Command>
    <Command Name="saveAsFileMenu" Symbol="ID_FILE_SAVE_AS" Id="550">
      <Command.LabelTitle>
        <String Id ="550">Save A Copy As</String>
      </Command.LabelTitle>
      <Command.LargeImages>
        <Image Id ="551">res/saveas_32.bmp</Image>
      </Command.LargeImages>
      <Command.SmallImages>
        <Image Id="552">res/saveas_16.bmp</Image>
      </Command.SmallImages>
      <Command.TooltipTitle>Save A Copy As Command</Command.TooltipTitle>
      <Command.TooltipDescription>Save A Copy As Command.</Command.TooltipDescription>
    </Command>
    <Command Name="exitMenu" Symbol="ID_FILE_EXIT" Comment="Exit">
      <Command.LabelTitle>
        <String Id ="560">Exit</String>
      </Command.LabelTitle>
      <Command.LargeImages>
        <Image Id ="561">res/exit_32.bmp</Image>
      </Command.LargeImages>
      <Command.SmallImages>
        <Image Id="562">res/exit_16.bmp</Image>
      </Command.SmallImages>
    </Command>
    
  </Application.Commands>
  <!-- High level view of command relationship -->
  <Application.Views>
    <Ribbon>
      <!-- Declare relationship among menus and elements -->
      <Ribbon.ApplicationMenu>
        <ApplicationMenu CommandName="fileMenu">
          <!-- Most recently used items collection. -->
          <!--ApplicationMenu.RecentItems-->
          <!-- RecentItems CommandName="MRUList" MaxCount="8" /-->
          <!-- /ApplicationMenu.RecentItems -->
          <!-- Menu items collection. -->
          <MenuGroup>
            <Button CommandName="openFileMenu" />
            <Button CommandName="saveFileMenu" />
            <Button CommandName="saveAsFileMenu" />
          </MenuGroup>
          <MenuGroup>
            <Button CommandName="exitMenu" />
          </MenuGroup>
        </ApplicationMenu>
      </Ribbon.ApplicationMenu>
      <!-- Declare relationship among tabs, groups and elements -->
      <Ribbon.Tabs>
        <Tab CommandName="homeTab">
          <Tab.ScalingPolicy>
            <ScalingPolicy>
              <ScalingPolicy.IdealSizes>
                <!-- This describes the maximum size of each group in the tab. -->
                <Scale Group="linkGroup" Size="Large" />
                <Scale Group="editGroup" Size="Large" />
              </ScalingPolicy.IdealSizes>
              <!-- This describes the order and how the groups shrink when the window is
              resized. -->
              <Scale Group="linkGroup" Size="Medium" />
              <Scale Group="editGroup" Size="Medium" />
            </ScalingPolicy>
          </Tab.ScalingPolicy>
          <Group CommandName="linkGroup" SizeDefinition="ThreeButtons">
            <ToggleButton CommandName="pencilButton"/>
            <DropDownColorPicker CommandName="colorPicker" ColorTemplate="StandardColors" IsNoColorButtonVisible="false"/>
            <DropDownGallery CommandName="sizeButton" TextPosition="Hide" Type="Items" ItemHeight="32" ItemWidth="128" HasLargeItems="true">
              <DropDownGallery.MenuLayout>
                <VerticalMenuLayout Gripper="None" />
              </DropDownGallery.MenuLayout>
            </DropDownGallery>
          </Group>
          <Group CommandName="editGroup" SizeDefinition="TwoButtons">
            <ToggleButton CommandName="cropButton" />
            <SplitButtonGallery CommandName="rotateButton" TextPosition="Hide" Type="Commands" ItemHeight="32" ItemWidth="32">
              <SplitButtonGallery.MenuLayout>
                <FlowMenuLayout Rows="4" Columns="2" Gripper="None"/>
              </SplitButtonGallery.MenuLayout>
              <Button CommandName="rotate90Clockwise"/>
              <Button CommandName="rotate90CounterClockwise"/>
              <Button CommandName="flipHorizontal"/>
              <Button CommandName="flipVertical"/>
            </SplitButtonGallery>
          </Group>
        </Tab>
        <Tab CommandName="viewTab">
          <Tab.ScalingPolicy>
            <ScalingPolicy>
              <ScalingPolicy.IdealSizes>
                <!-- This describes the maximum size of each group in the tab. -->
                <Scale Group="zoomGroup" Size="Large" />
              </ScalingPolicy.IdealSizes>
              <!-- This describes the order and how the groups shrink when the window is
              resized. -->
              <Scale Group="zoomGroup" Size="Medium" />
            </ScalingPolicy>
          </Tab.ScalingPolicy>
          <Group CommandName="zoomGroup" SizeDefinition="ThreeButtons">
            <Button CommandName="zoomInButton" />
            <Button CommandName="zoomOutButton" />
            <Button CommandName="previewButton" />
          </Group>
        </Tab>
      </Ribbon.Tabs>
      <Ribbon.QuickAccessToolbar>
        <QuickAccessToolbar CommandName="cmdQat">
          <QuickAccessToolbar.ApplicationDefaults>
            <Button CommandName="saveFileMenu" ApplicationDefaults.IsChecked="true"/>
            <Button CommandName="undoButton" ApplicationDefaults.IsChecked="true"/>
            <Button CommandName="redoButton" ApplicationDefaults.IsChecked="true"/>
          </QuickAccessToolbar.ApplicationDefaults>
        </QuickAccessToolbar>
      </Ribbon.QuickAccessToolbar>

    </Ribbon>
  </Application.Views>
</Application>
